5,Testing Post,"<p>COntent tessting aksgakdkahdlaskdhaksdh</p><p>kasbdkabdkjabs</p><p>akhdada&nbsp;</p><figure class='"image'"><img style='"aspect-ratio:512/512;'" src='"data:image/png;base64,iVBORw0KGgoAAAANSUhEUgAAAgAAAAIACAYAAAD0eNT6AAAABGdBTUEAALGPC/xhBQAAAAFzUkdCAK7OHOkAAAAgY0hSTQAAeiYAAICEAAD6AAAAgOgAAHUwAADqYAAAOpgAABdwnLpRPAAAIABJREFUeJzt3Qd8VNed9/84bTeJs9nN5nnizT7Z3eyTTfL4nzgeyQVGcgQzyMaguSMMcsE2xsbggmEkinEBC4yNBAZTjGmmdwljG0wRvXckinE3GDC99849/3tGQCgqM9LM/O6d+bxfr+/Lm30l1sydc87v3HbO974HAAAAAAAAAAAAAAAAAAAAAAAAAAAAAAAAAAAAAAAAAAAAAAAAAAAAAAAAAAAAAAAAAAAAAAAAAAAAAAAAAAAAAAAAAAAAAAAAAAAAAAAAAAAAAAAAAAAAAAAAAAAAAAAAAAAAAAAAAAAAAAAAAAAAAAAAAACAWMjNyvpxm4x7/5RjeGrn+L2NA35PtpW8bMM7wvrnNCtzrP97bbbh+SRgeDZb/9yX7fceKi+X/jufWP/3yuD/1u+ZHDC8o630tNKmtc/zWGt/HW/rBul/bpnp/Vfp7w8AQFwL+NP+OdtX22MV5lZW3rGKdNGlYn3B+s9KKtZnOBLwe4utTLImGvkBo07z4GSk0b2/lD5mAAA4SouMjJ/qImqdcbe3CvxEq7h+bRVbU7LQVymG9zt9FSLb7+mWnVnnwTaZ3j9IH1sAAGwjNy3th60zaydbxbKDvuxuFfzT4sU7avEcvfQdO1sThDo5jWr8RPr4AwAQM+3qpd2SneltYZ3lT7eK4kn5wiyTgOE5a00Illr/fC1g1Lo7KyvrB9K/DQAAEaUvgVvF/sVsw7PcKngXpYuvHWMdl4NWClr7Pc1y6nv+Xfo3AwCgSoIP7+kzfessN9uJ9/Hl86l+uLB1Zp1U63DeJP17AgBQLn1P3zrT91ln+u9b/zxjgyIaFwn4vTusDNSvIXKrAABgGx2y6vzCKvqBgOHdKl0s4z2ltwq8o/VEq0WL5B9J//YAgASU4/f+xSpEQ6yCdEq6MCZkDM8+a0LQT79JId0WAAAJoJW/ttsq+rPECyC5EmsisPHSioW/lm4fAIA4k+2rlWIVm9nSxY5UMBHwe89fegbjHun2AgBwuECmt2bp+vjyBY6ENRkoDhjeJnrfBOk2BABwkBd86b+zCklhNq/xOTrWRGB3tt/zyvNZaTdLtykAgI3pQqGXrI3vpXkTMIbngP5d2xvun0u3MQCAvdwUMLxPXdo6V75gkahEXxGwfufWuWlp/yjd4AAAwrIf8P439/kTK3pb5db+2vWk2x4AQEBw9T69iI/fc0K6IBGhGJ6P2z5Q+z+l2yIAIEYCmXX+n1X4S8QLEJGP4T2e7a/dTk8IpdslACCKrAH/0dJB3wbFh9gmAcO7St8Okm6fAIAI0w9+Zfs9faULDbFvAobnSMDvfUi6rQIAIiTHl/Z76wxvvXSBIc6INQnoz5sCAOBwwfX7/d790kWFOCyGdy37CwCAQ2X7vH527CNVjX5dUF89km7HAIAwtPZ7G1pnceekiwhxePQqgpnemtLtGQAQgoDfk0nxJxGL4T2e4/PWlW7XAIAKBIxad2f7PSfFiwaJr+gJpeGtL92+AQBlaF2/zv8EDM9B8WJB4jL6eZIcw1Nbup0DAK6S06jGT3jVj0Q7Ab/3WMCffrt0ewcAXGIV//ekiwNJkBje71oadX4j3eYBIOG19nnSrYHZFC8MJGES8HuL9VUn6bYPAAmrbXr6z6wzsm+lCwJJxHiGSbd/AEhY1iD8inwhIImagOF9SroPAEDCCfjT/pmn/olsPCfbZHr/IN0XACChWGdfHeULAEn4GJ7lWVlZP5DuDwCQEHLT0n5onf1vFx/8CbGS4/e0le4TAJAQ9EY/0oM+IX+P5yi7BwJADAQM72j5QZ+Qq2J4h0r3CwCIa/p+a8Dv3S8+4BNyVQKG52LrDO+d0v0DAOJWtlHnDunBnpAyY3iWWE30Juk+AgBxKeD3PCM+0BNSTgK+Og9I9xEAiEsBwzNYepAnpPx4Vkv3EQCIS9mGZ4H8IE9IBfHVSpHuJwAQd6wJwGfiAzwhFSTg934g3U8AIO5YE4AD0gM8IRVFvxGQ40v7vXRfAYC4otdflx7gCQkh70j3FQCIK9mG97gNBndCKoxeq0IvWS3dXwAgbgQMzxHpwZ2QUBLw17lPur8AQNxgC2DilAT83uHS/QUA4oY1AdglPbATEmIO5WZl/Vi6zwBAXLAG1Q02GNgJCSmtM70Z0n0GAOJCwO+ZIz2oExJq9MqV0n0GAOKCNQEYKz2oExJGvpDuMwAQF7L9nl42GNQJCTktjTq/ke43AOB41gTgRekBnZBwEvB7H5LuNwDgeHowlR7QCQkrhmeAdL8BAMdr3SD9z+IDOiHh5VPpfgMAjhbwp99unU1NtMGATkjICW4O1KjGT6T7DwA4zU3ZhreOVfg/tgZTU3owJ6Qq0ZNX6Y4EAI6RbdS5I5uFf0gcJMfvbSzdnwDA9nLT0v4x4Pd2ts78z0kP3IREJp6u0v0KAGytjf/e32Zz1k/iLNaE9gPpvgUAtpXj9/4lYHi2Sw/WhEQ6Ab/nc+n+BQC2lGN4altnScekB2pCohFrAnBCuo8BgO209nluy/Z7jkoP0oREM89npd0s3dcAwDb0OulW8d8mPTgTEu20rl/nf6T7GwDYQm5W1o8Dfk+J9MBMSGziuUe6zwGALQRf9RMflAmJTQKGJ0u6zwGAOH3f3xoQz0oPyoTEMK2k+x0ASLspYHhX2WBAJiR2Meq8JN3xAEBUwKhtiA/GhMQ+XaT7HgCIss7+F9tgMCYktjG8+dJ9DwDEWGf/f8xmVz+SkPH0le5/ACBG3weVH4gJkYhniHT/AwAxAb9njvxATEjsEzC8o6X7HwCICG7za3hPSQ/EhEgk4PdOku6DACBCb/gjPQgTIhVr8jtVug8CgIgcv/f5qA+yNhjoCSkr+vaXdB8EABHZfk8v6UGYEKno11+l+yAAiMg2vB9KD8LEHmnTIF298nC9YDo/bqguTTLVyw/VE/9c0UzA8CyU7oMAIIKd/xInOZl1VNcnGqihHZqp6T3bqzUj31BfTu6tds8arE6vGKdUSWG5Ob1irDowf6j6fNLbatHA19SkN1qrfq0eU20fSBf/XtVJwO+dL90HAUCENQB+LT0IR67AeYNnr12bZqoeLR5UvZ59OPjP3Md8ji9UVcmLje5T/bMfVzN7d1BfWYX+zMqKi3xVcnblePV5YS/1UX4b9UbTBuLfOdzwDACAhGVNAHZID8KhpEPW/WrZkC5q3Zg8tWFcd/Xl+73V9mnvqr2zh6iji0dWWtzM4kJ1YN4w9WlBTzW//6tqYueWqk/LxsEJg/R3i2T0ZGdS11bqi0m91IU1EyNe8Cs+xgXBKwojX27umAlXwPDOku6DACAiYHgOSg/CoWbLlH5RKVzHrAmEPkNeNKCTGtvxWdWtWcPg5XLp7xtq9H16fUl+69T+wSIcy6Jf0TEt6PKCamP342h4Z0j3QQAQEfB7TogPwiFEP6AWjUvY5UXf89Zns3P7vaKGv/R08KE46WNwfd5p/ZgqHtVNnV89Qbzgl5ddRYPUwDZPiB+r8mK1/2nSfRAARFiD4CHpQTiU9A88Ll7M9K2GjeO7qynd26h+Lzyq2je8L+bHQT/noCck2z7uL348wsmq4a+rDll1xdtRGZki3QcBQETA8OyywSBcaZa/97p4Ebs+F9ZODBZifetg1KvPqC5N/FH7/voKyLjXngs+8yD9vauaPdZnt92Dgob3Q+k+CAAisv2eLeKDcCV56cG6lb6mZpccWzxKbSp4S818+0U1uN2TquMj9av13XMfN9S0nu3UwfnDxL9bJHJi2WjV67mHxdvU3ycAnvel+yAAiAj4vZvEB+FK8lF+jnjhqk508dZvL0zt0Sb4Wl6nR31lfk/9wJy+ivBe+6fU7L4vBd9ysMtDfZHMqeVj7DMJMLzjpfsgAIjQK6GJD8IVpF3De9XhhcPFi1akox/cO7xwhNo/b2hwgZ0ji0YGbylIf65YRV8p0es1SLcvq/0Plu6DACBCXwKVHoQrygd52eLFikQn+g0BiQcpr50AeN+S7oMAICLg9w6ULvLlRb/ffnzJKPFCRaKXpYNzpdtZJ+k+CAAirAGwi3ShLy96zXnpAkWiG/2Mg37FU6ydGZ6AdB8EABHZmd4W0oW+rLz17EPqYgLdE0/k7CoaLLZiYI5R+0npPggAIrINb33pYn999IN/+v6wdGEiscuYTs+KtLXWfm9D6T4IACJa+zy3SRf867Pg3VfFCxKJbfQCR3qVw5hPAHyedOk+CAAiWmZ6/1W64F8dvaJePL77TirPoLZNY97eAkatu6X7IACIyfZ7TkoXfh29uY2dN7Yh0c3G8T1i3uZaGZ5bpfsfAIixJgBfSRd//dDfyWVjxIsQkcu51ePVi1mxXRegVaO6/0u6/wGAmIDfO5/iT+wQvdNhzNqe4T2Xm5v7fen+BwBisv2eUVLFf2Cbpur0irHihYfYIyuGdonlBOA76b4HAKKswfANieI/scsLCbX+Pak8+m2A2LVBz2rpvgcAogJ+zzOxLPx6/fdFAzqJFxtiz+Q+VvZuiVHIFOm+BwCiWvtr14tV8X/zqQeCZ3nSRYbYN3o75Ji0R8M7SLrvAYCo1g3S/xyrCcCwDs3ECwyxd6b1bBejCYAnV7rvAYCoDll1fhGrCUC/Fx4VLzDE3ikZ3S0mbVHf+pLuewAgzjobOhCLQTevWUPxAkPsnW0f94/NFQC/xyfd7wBAnDUgrozFoNuxcYZ4gSH2ztHFI2MyAcjJ9Nwl3e8AQFzA7xkbi0H31YfrixcYYu+YxYWq7QPpUW+L+tkX6X4HAOICfm/nWEwAOj3qEy8wxP7Rb4tEuy22yfT+QbrfAYC41j7PY7GYAHRp4hcvLsT+ea9d9F8FfMGX/jvpfgcA4vT90FhMAN5o2kC8uBD756P8nKi3xZZGnd9I9zsAEPd8VtrN1qBoRnvQ7f18Y/HiQuyf5THYE6BtevrPpPsdANhCwPBujfagO+qVFuLFhdg/u2cNju4EwPCek+5vAGAb1gRgerQnAFO7txUvLsT+MYsLVOfH/VFrhwG/d790fwMA27AmAN2jPQFYOjhXvLgQZ2RK9zbRmwAYno3S/Q0AbMOaADSJ9gRg80d9xQsLcUb2zB6icjKj1BYN7wzp/gYAtpHToPZfo1n82zZIV2dXjRcvLMQ5Gf7S09G5AuD3DpTubwBgG1lZWT/I9ntORmsC0Ou5h8ULCnFW9s15T7VveF80bgG8Kt3fAMBWsg3P8mhNACa/GRAvKMR5WfBuxyi0x9qPS/c1ALAV68yoX7QmAJ8V9hQvJsR50W8EjHvtuYi2xZzMOmnSfQ0AbCXb530iGsX/1UfqqwtrJ4oXE+LMXFgzUY18uXnk2uQD3v+W7msAYCutDM+t0ZgATOraSryIEGdH7xL48VttVZvMOtVqiwG/97R+3kW6rwGAreTm5n4/YHgORnoCsHlKP/ECQuIjW6f2V92aNazOBKBYup8BgC0FDO/USBb/15/IDJ69SRcOEj85s3Kceq991XYMDPg9I6X7GADYkjUBaB/JCcC8d14VLxgk/nJq+ZgqLhRUu510HwMAWwoYte6OVPHX73CfWDZavFiQ+Eznx42w22Rrnydduo8BgC3lpqX9MNvwHo/EBKDg9ZbiRYLEb/pnPx52m2xXL+0W6T4GALYVMLyzIjEB2DlzoHiRIPGbwtdbhdcmDc8+6b4FALaW4/e0rW7x79fqMfECQeI78/u/Gm67nCLdtwDA1iKxHkDx6G7iBaK86KfIN3/UX60b95ZaNvRNNeedTmrJ4NfViuHd1GeTeqsji0aKf8ZY5fzqCWrrx++qDeN6quVD37COxWtq8SDrWAx7U31a8LY6OH+4+GcsLxvH9wjzCkCdl6T7FgDYXrbh/baqxV+v/KcLi3SBuJzDC0eohQM7q76Bp1RL3/0qKyVFNarprjBN63hUt6cbq+lvv6J2FQ0W/w6RyvElo4OTngFtm6tAZoZ6KCW10mPxeO1aqvMTD6mPur8YnCxIf4fL2V00KKx2yRLAABACvWVqVScA03q2Ey8OF4sL1IbxPVWvlk1DKnKV5cWHMoNXCpy4pbG59qpjkVr9YxFokKGm93pZnV4xTvR76UlmyK8CGt5zLTIyfirdrwDA9gJGbaOqE4D9c98TLQr6bF+f6Ve30JWVZ+rdFyx+52x0haOiwq8v6+sz/WgcC32VpOCNNurU8rFi37FLE39IbTLg96yR7lMA4Aht09N/Zg2aJ8It/r2ee1isGJSM6aGeq183KsXu+rxg1FObJr4tXuTLy5eT+6rsB6JT+K/P0/elB5+fkPieA7KbhNg2PX2l+xQAOEbA8BSEOwGY1/+VmBcBfSm6f5unQzh7v1e90ayxGtCmuRrZ8QU16c22wXv8C97tHLy8r6P/88TXc9Sgdi2C9731/6a8f59+lmD4y8/b6mqAvgIyqmMr9aC74uccHrnnHvXig5kq/5nHVL9AMzX0pefU+C7Z6sPuL16JPj7DX2mp+rR+Sr3yyAPqyXRPhf/O3i88qU4sGxPT7xv6q4Aen3R/AgDHyDY8jcKdAMT63f8D84ardo2MG4pRi/vvVe9kP61m9+uoPp/Up1qF6dji0ap4TA81Njeg2ltFM+u64trpsSx1bMko8eKvP8NrTR684Vg8Wutv6o2nHlGFXdsEz9R3zRwSfEaiKn/j0IIRatWIPDW6UyvVtpH/hr+lnw/YO3tozL7zgncrfxUw4Peeb1W37j9J9ycAcIycRjV+Es6qgB0fqa/MKhaWqmT79IGq+X3pwcKjn1Tv+VwTVdTnVWsSEt2n9i+/VdCn1ZOqiaf2lVsCejIiVfwPzBumWvnrBz/Lw9bZvb568X63tsHJz4U1E6P2d/WEYP6AXPX2C02vHItm99ZRW6b0j8n3/iSUVwENzxLpvgQAjmNNAMaHOgEY0v7JmBU8fZap73Hrs/w1o7qLXYbXf3f1yLzgZKDDQw3U0cWxvxKg/6a+nN/j2SZq0eDXY34Z/vpjoW8FtMy4P3ilIdp/c/eswaFMAHKl+xEAOE62z+sPdQIwvWf7mBWbHTMG2WqtAR39iuDuWdEvetdHF9ozwq/klXUsvv7wnaj/nVBeBWzlr+2W7kcA4DjBzYH8np2hTAA2jOsuXnhI4qVLk8yKzv73ZWVl/UC6HwGAI1kTgG6hTAAk3/8niZsBOeW/Chjwe0ZK9x8AcKwXfOm/CxieixUV/3YN763yk+WEVCeFXct/FbC139tQuv8AgKNZg+nsiiYA3ZtniRcCkphZ8G7H8l7/O93ecP9cuu8AgKNVtibAiJebixcCkpjZNPGtcu7/ez+U7jcA4HgtWiT/KGB49trhDQBCrs6e2UPKbpNdnp5szsrzqQW5/yjdfwDAkdS0vH8xZ+Z3GdWm8cnyJgCrR7whXghIYka/Ctgms861z6Q8kK5OT31TqaJ8ZRblHzVn5o0zZ3a/R7ovAYBjmDPyHzaL8vbrgXR130C5twA2T+knXghI4ub1J659FbDr4xnB4n99rMnAdHPaW/8p3a8AwLaUUjdZhb/X1YPnkcldyp0AHFk4QrwIkMTNwDZPXNMe32qWWeYE4NIk4JA5q9u90n0MAGzJnJnXu6zB880nfGW+AmgWyxcBkriZ9Ebra9pk/+ezyp0AXJoEnLXaeH3pfgYAtqIv+5c3cI5u++gNE4A3n3pAvACQxM7CAZ2uaZPDsh+pcAIQnATMzDthznjzVun+BgC2YM5989f6oanyBs15+c/dMAEY1OYJ8QJAEjubCq59FXBchyfMyiYAlyYB61RhIUsFA4BZlPduRQPml8NevGECoFdiky4AJLGz97pXAd/v1Ox8KBOAS7cDmkv3OwAQFXzdryj/ZEWD5ckpXVXOda9czev/ingBqGoWDOgS3L52yZCu4p9FOksGvx48FgsHdhb/LOHmwpqJ17wKOO2NZ8+EPAGYmf+1ys39vnT/AwAx5ozuz4cyYOpXrK6eAKwbkydeAKqSKd07qEY13VdS1OdV8c8klZm9X73mWEx9q4P4Zwo3XZv+/VXAeT1anQh1AhDMzLw60v0PAMRYZ0IzQxksR+Q8cs0EYPu0d8UH/3BzeOEI1fhvf7um6D1a62/q6OJR4p8t1jm2ZJR6rFbaNcfikXvuUYcWOOvVzoFtml5pk0v7tC33OZZyngV4R7r/AYAI/SCUfio6lMFy9pstrpkAnFg6WnzwDzcjX215TcG7nAldcsQ/W6wzvkugzGMxqqOznu14/6pXAYsHvXQwzAnAV9J9EABE6NehQh0sPxnU5spA+2Kj+8QH/nBjri1Qze6to7q/2EHNnTJVPePPvFL0nql3b0w+w8U1BUrZZO0E/Z3fyM5Rc6ZMUc9mNrhyLJ5K9waPlfTnCzULB/59V8BPR3TaG+YEwFRz8n8h3Q8BIObMoryGoQ6Weyf+/Z3rbs0aig/84ebrD/oFC1zx8uVK65Pb+Zoz3++mD4ra3z6zZKzaXThQ7SoYUDoJED4W26YNCH7nZXPnBY9F/65drzkWmz/qL/4ZQ82nE3teaZdbJnbdGdYzADoz8lOl+yEAxJx1BhQIdaC8OCNPtW1Q+sT1gOwm4gN/uPkgr33pPX+PR+U0fvSGS9/T347eWw16AqCLf+kEYKL4sZjW66Xgd25cq7Zq89jjNxyLD7u/KP4ZQ82+Oe9dmQDs+bD7jnAnAHoBLOl+CAAxZxblvxnOYJnX1ChdcCX3OfGBP9z0af1Umfe8L2dQu2ei9rfPLht3ZQJwfuUE8WMxoG3zCo9Fv0Az8c8Yai6snajaNEgPtstjM3rtCnsCMCsvR7ofAkDMXb/xT2XRS60G91zv2V584A83Lz6UWWHRe63Jg1H727roX54AnF0+TvxYdHysUYXH4qVHnLXMc9cnGgTb5fl5/feEPQGYmddRuh8CQMzp16DCGSw/7tKs9HWrIc5bNOYJT+0Ki16L+6P3IOBF6yz18gTg9OIx4sei+X3pFR6LpnU84p8xnOhlqfWDqeaC/gfCnwDkd5HuhwAQc+Xt/ldeVvUtfeVq08S3xAf9cGIWF6islJQKi55+Jz5qn6G4UO0qLJ0AnFwo//rko2lpFR6Lh1JSxT9jOJn8ZkDlPuZT5vx+Ya0DEJwAFOV3le6HABBzevALZ7DcOurl4ARgx/QB4oN+ODmzYlyFBU8ny50S1dff9rxf+hbA8XkjRY+F/o76u1Z2PM6uGi/+u4WaRQM6qbxmDZU5r++p8CcA3TpI90MAiDlzZv6L4QyWp6Z0deQiQHqlv8oKno6eKETrM+z7YHBwAnBstuwE4HQIkyGdY4ud8xt/WtBT9W75iDUB6HOhClcAXpDuhwAQc9bg1y7cAbPLYxnBS+rSg344ObV8bEhFTz9RHq3PsH/Ke8EJwJGZw0WPhd5AJ5RjcTqKk6FIR78KOKhtU6Xm9g6rLV96BuAZ6X4IADFnzsxrGe6AObGD89YACOWyt94jIJqf4cDHpROAwzOGiR8PveZ/hbdDUqJ7OyTS0Q9Zju34rDUBeDvsCYCamddUuh8CQMyZRXlNwh0wi/tnK7N44knpQT/c6E1/Kip6epngaP79g9OGBicAh6bLTwCeTPdUeCwer1VL/DOGm3nvvKrUnJ7hXwGYkddAuh8CQMyZs/LvD3fAPPbB63oCsFt6wA83gcyMCoteh4caRPXvH7o0ATg47T3xY9H+wYrXRMh5wCf+GcPNV5N7m2Gf/QcnAN3TpPshAMScObv7/1Rp0Fw7YbP0gB9uejx745K3V6df66ei+vcPzRhWOgH4WH4C0KfVkxUei57POe82z6nlY45VqS0Xdf2tdD8EgJhTC3J/aM7MOxf2oLlqzOfSA364GZtb9va3l/N+t7ZR/fv60n/pFYCh4sdi0httKzwW47tki3/GcGOunhD+MsBFeadUbu73pfshAIgwi/K/DHvgXD78M+kBP9yUjOlRYdH7bFLvqP59fek/+AyADSYAmya+XeGxWD/OWQs96Zirx26pwgRgg3T/AwAx5sz8iWEPnEuGfCM94IcbvbCNftK/zIfeatcKvh4Xzb9/8NJbAIemy08A9HdtUs7SyPoYOWkRoMsxV476OvwJQP4Y6f4HAGKsCUDrsAfOhf33Sg/4VYm+t11W0eufE/3d7/Z/NKR0HYAi2XUALqdfObsjvt3yCfHPVpWYS4eFfwWANQAAJDJz1pt/DnvgnNf7gvSAX5VsmdL/hvUA9H/eNm1g1P/2nvcHla4EOEd2JcDL+W76oDL3R/jmo3fEP1tVYi4ZvCP8hwDf/JN0/wMAUdaZ0OawBs5ZzrtHfDm9X7j2CfgBbZpH/+/qzYAKSvcCOLHAPkvsvpvT/Jpjod8OkP5MVY25oH9YGwGZRXnfSPc7ABBnTQB6hn0VoHjiMelBvyrR6/33CzRTT6V71cB2LdS51ROi/jcvrLbXdsCXo7+7ngDpY/FO9tPqzErnLP97Q+b2Cffyf0/pfgcA4vSl0LAnAKvHbxUf9B2SM0vGXpkAnF8Z/QlHQmZWj/Da74wet0n3OwCwBXNm3rKwBtCVI78WH/QdkuNzRwaL/+7C6D9rkJApnnAkzMv/K6T7GwDYhjUB8Ic1iC4dskN84HdIDl9aBGj/lCHinyUeY64e912YE4CG0v0NAGzFLMpfHfIgOr/veemB3xEp1m8AlD4AeNQmrwDGW8zlw7aHXvzzP2X1PwC4jpqZV8ecmRfapiqznfsmQCxzbvm4K/f/zyxx8EN2ds6igSHfAjCLumdI9zMAsCVzZv6o0N8EKDgsPvjbPMeuuv9vHS/xzxOPMef1CWnSahblTZbuXwBgW2pqz1+ZRfkhbaxirhyzTXrwt3v2fTjYNtsAx23m9Ky8rc7MO2jOyP8/0v0LAGzNnNmtpnW2dKbSQXXJEEcuCRyrnFk69qr3/8eKf554jFk88VQI9/0vmrPy75fuVwDgCNYE4KnKngcIXnqkzd1oAAAgAElEQVS1QRGwaw7NKH36Xy8DbBbLf554jLlqdKVXq8yZ+Z2k+xMAOIreLEWfPZU7uM7qocy1BUwCysjFNRPVrsIBl9b/HyH+eeI15tIhhysp/qz4BwBVYU0AnrQG0fPlDrBrxu+TLgJ2zOXFf3QuxGC54YTN/H4VPfTXTbr/AICjqRn5qdYkoMx3rc3lw/eIFwEb5sDU9y49/DdU/LPEa4JXn8pYAticmXfCLOr+qHS/AYC4YBb1+qU1uBbeMNgufMeRWwNHO3snD7bV9r/xGHPt+ANlXPJfb+X/k+4vABB3zBn5NawBdtHVCwKZxTwHcH30g3/BCcBcJgDRirl8+P6rCv8B68w/oAoLfyDdRwAgbimlbjJn5fmsQXeqfj7AXDPuoHQxsFv0uv96AnB4xjDxzxKvMRf0v2i1v81mUbcOak7+L6T7BQAkFDWtxy3mqtHTpYuB3XJ01ojSVwAnDdL3qsU/TzzGXDTwGdb1BwBB5rpJ90oXA7vl3PLxV94CODqLTYAiHbOkcKe+EiXd9gEgoam1g39kFhceki4KdsvhSwsB6RwPPgsQ2pUAvWeAXkXwSNFwdWrRGPHvYceYJQWDpds9AMBiFa2x0kXBbtGX/i/vBaCz94NB6tjskerMkrHq/MrxwfUBdM4uG69OLhgdvG1w8OP3ghsHXf7f6GcJpL+HHWO1N0O6zQMALNYZWSPpomDH6BUBL68JEG72vD8weBWAZYSvjVX8z6hNhTdLt3kAgEUPyNYk4JR0cbBr9Fn/oelD1e5JA8st+HsnD1IHPx6qjs8bqc4uHyf+me0aq53NlG7vAICrmCWFU6WLg+1jnc2fXzVBnVk6Lpizy8YF/zNvCoQes7jgBem2DgC4ijUwPyVdHEj8x1xf8Dvptg4AuIq56oN/NUsKzksXCBK/sSaZm6TbOQCgDNYAPUu6SJA4TnFBZ+k2DgAog7m24EHxIkHiMnrPCXPNhP8r3cYBAGVQmwp/bA3U+6SLBYm/mCUFS6TbNwCgAmZJ4dvSxYLEYYoLW0i3bQBABdTa9/8kXixIXMWaVJ5W6z78Z+m2DQCohFlSsFy6aJD4iTUBKJBu0wCAEFgTgGbSRYPET8y1kzKk2zQAIATBpYGLC45JFw7i/JjFhXv0jpPSbRoAECJrAtBTungQ58csKcyVbssAgDCY6wr+3ZoEnJUuIMS50Tv/mRvH/1q6LQMAwmSdvQ2TLiLEuTGLC4dIt2EAQBWYGwr+aA3iF6ULCXFegiv/lRTcKt2GAQBVZA3iH0gXE+K8WBOAGdJtFwBQDWbJxDuliwlxXqyJY7p02wUAVJN1NrdAuqAQ58QsLvxEKXWTdLsFAFSTdTaXJl1UiHNitZdHpNssACBCrEF9inRhIfaP1U42KJX7fen2CgCIkOAbASWF56QLDLF3zJJJ90u3VQBAhFkTgIHSBYbYN9bZ/xLpNgoAiAJz/eT/bU0CjkoXGmLP6GdFpNsoACBKrEG+k3ShIfaLNTGcKt02AQBRZC4v+Ik12G+XLjhOjFlcoI7PG6UurJ4o/lki+70KL6p1hbdLt00AQJRZA/7D0kXHUSkuVKcWjVF7Jw9SuwoGqEPThsp/pkhOAEoKBkm3SQBAjFhnsx9JFx67x5ooqZMLR6t9Hw4OFv7LOTjtPWWuLRD/fBH6jnvUxnH/It0eAQAxYhaP/401CTgsXYCqXcCsQnx+xfiI/jvPr5qgjs0ZceWM/3L0ROD0krHi3zmix6+koLF0WwQAxJhZUvi8dAGqbo7NGRkszgemDlEnF4wOFu+w/z3Wmf7ZZeOCRX//R0OuKfrBwv/R4OAtAP3fk/6+ES3+eololvwFgMSjV3yzzgAXSxeiqhewQrXvg8E3FGx95q4v0x8tGq5OzB+lTlvF+8yScVbGBv/vUwtHq+PWxOHIzGFq/5QhanfhwBv+HbsLB6hDM4aps0vHiX/PKBX/M3pxKOk2CAAQYq6f8AezpPC0dEGqcqxJwOnFY6yCP7TMQh5O9kweqA5bRV+f7cfLPf7yJwCFHaXbHgBAmDUBeFm6IEWoqKkzS8cFbwscmj4seDl/z/t6UjDwqjP7gdb/b1DwzF//d47OHqFOLRyjzq+swq0Dh8Y6+9+kNhX+WLrdAQCEBW8FFBfMli5MJCbF/4xZMvGv0m0OAGATl5YJ3ildoEiUJwBrC1pKtzUAgM3oteCtXJAuUiRKxb+4cDpP/QMAyqSKCzpLFyoSjeJfsEOtHfcr6fYFALCp0ucBCudIFywSyeJfeNEsnuSVblsAAJsz10z+N7OkYJd04SIRmgCUFHSVblMAAIcw10xMMosLjksXL1LN4q/v+xcW/kC6PQEAHMQsmViPhwKdG2sCt05tKrxZuh0BABzIOoN8RrqQkSoU/5KCXebqCb+Vbj8AAAezJgF9pQsaCav4nzLXTLpbut0AABzu0psBH0oXNhJC8S8uMK3f6mHpNgMAiBNq7dSfquLChdIFjlQ6AciRbisAgDijJwFmScE86SJHyin+JQWvSLcRAECcYhJgz7C9LwAg6pgE2CtmSWGudJsAACQIJgH2iHXm/5Z0WwAAJBhz/eifmcUFM6SLYKLGOvZdpNsAACBB6WVmzZKCftLFMJFiHe/zVvF/Vvq3BwDge1ZRCrBscAyKf3HBMbNk0v3SvzcAAFdYxamuLlDSRTJeYx3bHWpd4e3SvzMAADcwiyfdYZYU7JculvEWs6SwWG/TLP37AgBQLnPxsDS1YqR40YyXWBOq0fqBS+nfFQCACplzB96qivKVWjxQqeIC8QLq2BRPVOaa8S9K/54AAITEXDrgj8EJgM7c3kqtGSdfTJ2W1WOUmtNLmQuG/ln69wQAICTmwoH/c2UCoDOrh1LLh8sXVadk6VDrmHUPHjsmAAAAx1BLBv/H5QJ2TRb0U2rNePkCa9esHqvUvD7XHDMmAAAAx1Brx/1KrRhx4wQgeDXAmhgsGcyzAVeneGLpMSlj0sQEAADgGMEJgC5suqiVNQnQmdNLqZWj5IuvdFaOtI5Fz3KPExMAAIBjXJkA6CwaWP4kIHhboH9i3hbQl/vn96v42DABAAA4yTUTAJ0lgyotdGrhgMSYCOjvqL9rZceDCQAAwGlumAAEJwEV3A64+vmARXE6EdBn/IveDbnwMwEAADhOmRMAHf1goH4lMJTit+AdpVaNli/c1Y1+ziGES/1MAAAAjlfuBCB4Jjy6wofebsjct5VaNlSptRPli3moWTtBqaXvlT7oWMXCzwQAAOA4FU4AdPRrb/rhv3CKob49oNcR0AsKFdtwMqA/k/5s1TjbZwIAAHC0SicAl7NsWOi3BK6fDMzvW3plYLXgMsP6vr4+09efpaiMhY+YAAAAEknIE4DLl8sXhnk14PrMfqv0ioJeQlc/NxCNKwT6FoS+n79kSOnzCbPeikrBZwIAAHCssCYAl7Oi4gVxwo7+d+kzc/3K3dIhpVcb9KI7q8aUZu24v0dvVqQ339GTB/2gov7v6rcWFr5bujTv7Ah+LiYAAIB4VaUJwOUsH1p6Ri9UcO0WJgAAAMeo1gTg8gN1wbXxq/B8QJyFCQAAwDGqPQG4eiKgH7ITvAQvHSYAAADHiNgE4MpEoECp5cNu2Co3EcIEAADgGBGfAFyd4JK6AxLm9gATAACAY0R1AnD1VQH9VL9+hTCOJwNMAAAAjhGTCcD1zwro1/f0a3tx9gYBEwAAgGPEfAJww22CMaUL9uh1AGZFZ4U+JgAAAFxHfAJwfVaN+fsKfpFcbCha0Z9Rf1b9mVdM+C/p3xMAgJDYbgJwfS4v66tfMdQPFAZX+xO4dTC7h/W3e5feutCrFepnGvTSyFd9VrN4/G+kf08AAIK+/HL7v8+ZuaTOgrnLX1g0b3mvxQtWjl26eHXRiqVrV69dveGrNSvX7zy3aoJMca9O9LME+i0DXYj1RkPB5YD7l+7wN9eaJMztVTpRqPS2QvfS/57+7+sCr8/mFw8onXDoHQP1ksNrQzs+yxav2rhowcql82Yt+aho+qLBs2Yu6jRnxqIniooWuTdt2nuzdFsAAMSRQ4dO/ceqVeuyli9ek7d6xbqPNm34fMPWLdv3Hjp4+My5c+dNVYnz5y+o0yvHyxf0qE4WLl1JuJw140sT4Y2Izp8/X+GxPn78xMUd23ef/PKLzTvXFX9SvHzJ6sL5c5e/tnThinrbtx/5pXRbAgDYkFU/btm48fNH167ZMHjjhs9Xbd+2c9+pk6cuVFbgQ3F6dYF8kXZ61k+u9u9w9MixC5u/2rq3ZM3GlcsWrR6wYlnxw8eOHfuVdNsDAMSIVQtu+aTks6fXrtrw/heffbP58KEjZ6tf5st3Zu1k+QLq9GycErXf58D+Q2c/2fjFt0sXrf5w0fzlz+zadex/SbdRAEA1WeP7Td98/k3y2pXr8z//9OtVBw4cOh61SlKOM+umyhdQp+fTGTH9zfbu2X963ZqNn80pWjxo0bxlbul2DAAIwZYtW/64bMnqXp9u+uqzY0ePn4tp5SjD2U2z5Quo0/PlPNHf8PDhoxc2bfxyy6L5K4csXbrqDuk2DgCwbNq06eYF85bnrFvzyQrrzO2kaKUow+kvFssXUKdnyzLpn/Ea+/YeOLtm9Yb1c4sWv75ixYpfS/cBAEgY86Yt+89Z0xf2W1eyaevJE6cqfRpf0smvVsoXUKfnuxLpn7FcFy9eVN989e2hRfNXfDBnxpJU6b4BAHEnLTnjVym3G00aP/D8tMpeCbOT41vWyxdQp2f3Z9I/Y8i2bvnudKP6zfJTkzKTpfsMADhW2p31bklJ8mW7XcYK658XU5IMpTOnaLH0OB+yk7s2yxdQh+figW3SP2PIli5arS630xSX7wt3kpGfcnv9v0r3JQCwvRo1Gv0kNdnIsor+x9YAeu7KYHpVHm34vLp40dZX/q84c3i/eAF1ei4cPyj9M4as+eNtb2ivOu4k36dWe+7sTsr8v9J9DABs49Zbs35sFXzDOsufaA2Sp8oaQK/PvNlLpMf6kFw4d1a8gDo95vmoLtUQMcuXrq203ZZeyfItcicZzVP/Uv9fpPseAIhIvaP+fwcvkSb59oZS9K/O41mtHHMVQH3CWgBVjj52DtHiifZhtWGr7Z+xJr4FNZN8Hqs73CTdHwEgynK/n3q7Ucca+ArdLt+FcAv/1Vkw116vh5XrmyXyhdSp+cYZz3usXF5S5XZ8aTLwVYrL10E/7CrdQwEgou65w/9bq+i/bp3t76zOQHl1Hst6wRlXAXZtki+kTs2uT6R/vZA83+yliLRpq4+cdif5RrldGTWl+ywAVIt+Hco6uxlvDWznI1X4r86i+Sukx/7KHd4hX0idmsPfSf96lVqzcn3E23UwLl+J1XceTU5u8SPpfgwAobqpZpJR3xrA5kdlYLwqTR8JKNO0+VWAc6flC6lTc9Z2izveIFJn/xVcFdhmpY3bbfxcumMDQJn00/x6sR7rrGVTtAv/1Vm8YKV0Daic3tBGupg6LZ9Ol/7VKlW8ZmPM2rk1oT5mpa++nSbd1wEgSL+7bw1QAbfLtyuWhf9ynnwk2/5XAbatkS+oTsu21dK/WqVeaP5KzNt7SpLvrJXhrCkAQIw+409N8rWwBqUdEoX/6ugV2Gzt0Db5guq0HNwq/atVaF3xJtE2rxfKcicZo2u4fL+XHgsAJIi/F37fd9KF/8pVgMY59r4KcOGsVTEmyRdVx8Q6VudPS/9qFWr9bCfxdn/1RIArAgCiJi0t7Ye68Ltdvu3ig14Z0Sux2dpX821QWB2SL+dJ/1oV+mTD5+Lt/cb4zqa4jAF3/aXB/5EeKwDEkeDiPUnGBvlBrvw0b9JOui5UbO8X8oXVKdlj7x0Ac57PFW/v5cblO6VX2Lzrrrr/JD1uAHAwq/Dfag0o08UHtRCjV2SzLf1Km3RhdUrOHJP+tcq1aeMX4u08lLhdxn7rnwF95U56HAHgINbg8Rsrg6u7XG+so9djt7UvuQ1Qab6YK/0rVajNC53F23lYcRmfpyb5MqTHFAA2V/f3df/BGjA6upOME+IDVxWzeuU66RpRvv3fyBdYu2ffV9K/Urm++OwblZrsF2/jVZsI+Ir0FT3pMQaADeldyaxB4gvxgaqaefbJDtJ1onwXzim1/gP5ImvXrHtfqfNnpH+lcrUPdBVv39WcBJxzu4xuyckZP5UebwDYwN13+36tXyOyBghTfICKUNasWi9dK8q3ba18obVrtq6S/nXK9eUXm5179n9jdrhdGQ2lxx4Acm7SS/daZwUHbDAgRTR6fXbbOnVYvtDaNScOSP865eqQ84Z4u4503C7j45quev8pPRABiKGad9T/s9vlWyk9AEUzep122/p6oXyxtVu+tO/Df3F29n/tJCDJd1xvNpSVlfUD6XEJQBTpTp6SbLzkTjLOSA880Y5ep922ju2RL7h2y5Gd0r9KuV5u2028PUd9IuAyVrjvMP4oPUYBiAK9VGiKy7dYeqCJZfR67balz3ili65d8vks6V+jXN989W3cnv2XMQk4bY0RHbgaAMSPm4JL+Dr41b6qRq/XblvH98kXXrvExmf/HV/MF2/HAlmeelvmH6QHLgDVoHcKs2b1S20woIhlfcmn0jWkfF8vki++0rHxvf9vN29X99yRGGf/1+fSCUNLaxi5SXocAxAm/ZqPO8l3WHogkU72c69J15Hy6TcCEn2XQBs/+f/aSz3E2690rInA3LQ7690iPZ4BCIFe5MPqtEOlBw47ZcM6G18F2LlBvghLZbt9d3D8dst3CXv2f2N8O60xpbb02AagAjWTM/5k9137JNKmZa50PSnfxQtKfTpDvhjHOp9MVerCWemjX67cV3qKt1ubxUxx+fomJ7f4kfQ4B+A6elGfRHzQL9RsXG/jLWaP75UvyLHOoe3SR71c323baZ39Z4q3WTtGrx9y91/9/yU93gGw1KjR6CdWxxwjPTDYPe1adZGuKxXTy+BKF+VY5ZvF0ke7Qq93fFu8vdo5wa2Gb8+4X3rsAxJaSnLGf1idsVh6QHBKPttk353mgpfDN02XL87RzsYpSp07JX20y8XZf6jxXXQn+V75Hm8JALFnFf/UFJexR34gcE70bm62pt8KWD9ZvkhHLZNKV0G0sTde6yPeTp0UaxIw9a676v6T9HgIJAy9sI/e2lO68zsxtr4KoB3YYoNCHaXs+Vz66FZo547d6m93NhBvo46Ly7cx9Y76/y09LgJxre7v6/4Dr/hVL3pXN9vbtka+WEc6m5dIH9VKdevST7x9OjYu38GUZF+69BgJxKUaNRr9MtFX9YtE9Lruenc3W9OvBn61QL5oRyp6rf8L56SPaoV27dij0u7i7L86scan826Xr5X0WAnEFf3aTYrL+Fy6g8dL9O5utqcL5hdz5It3dbNpmlJnT0ofzUp179pfvF3GTVy+vt/7Xu73pcdNwPFSXb7brE61Q7xTx1H0VYCvv9wiXXMqd/6MUp/NlC/iVY1+4v/MMemjWKk9u/epWnc/IN4u4ynuJGOyfkVZevwEHMsq/nXdSb7j0p05HvNq+3zpuhOasydKz6Kli3m42fBh6VsNDvBWtwHi7TEu4/It1rcupcdRwHGswt+UJ/2jF30VQO/17gj6vXl9H126qId85j/VMcV/7579qlaNhuLtMY7ztd6VVHo8BRwjJdl4yQYdN+7TqUMP6foTOr1Q0Jfz5It7ZdGLGZ05Ln20QtYrf5B4O4z3uF2+XfpWpvS4Ctie22W8Lt1hEyV6t7ct32yTrkGhu3heqa8XyRf58vL5bKXOnZY+SiHbt/eAql2jkXg7TIi4fAetse0O6fEVsKubrA7SU7yjJlhyX35Lug6FxzSV2v2pfLG/Pt+uKJ2gOEifHkPE218iRT/PxLbCwI1u0q/OSHfQRIy+CrD5m63StSh8R3aWPmgnXfjXTbL9Cn9lOXjgkPLU5Ow/5nEZJ1kwCLgkKyvrBylJvuHiHTOB0/mVntL1qGr0K3ZfzJUr/vp+//H90kehSvr1Gire7hI2Lt8pd7K/nvTYC4jSxd/t8o0T75AJHr3729Zvv5OuSVWjbwnoM/B178e2+Ovtiy8465L/ZQcPHlZed5Z4u0vs+M6mJmdkSo/BgBR92f89+Y5IdPQe8I526ohSX82PfuH/dIZSR3dLf9tq6d97hHh7IzrWJMDlqys9EAMxZxX/HvIdkFyOvgqg94J3vINbo7Nw0PoPlNr9mVLmRelvWC2HDx1R3pQHxdsbuRSX71RKsr+W9HgMxAyv+tkzei/4uKCLtJ4I6LP1SBT+79Y56vW+igzoO1K8nZHr4vIdS00y7pYel4GocycZ7cU7HCkzei/477bvkq5REXPx4gV1bNvn6sKmKuwnsPEjdW7benXhbHwUfu3I4aOqTipn/3aMNS4eSrm9/l+lx2cgaqwz/2etxm5KdzZSfrp17itdpyLui8++Vq2atFIvN2upume3Ve+89JIa3qWTKujRRU3p86Ya162zGvLaq6pP+/bqzVY56rXn26rNXztgs6QwDXpntHj7IhXFt9d9h/FH6XEaiDj9xKvVwC/KdzJSUfSe8Dt3OPsht8vOnj2rhg2eUKV97vX/ZkC/UercOWc+6X+9o0ePq/TUh8TbF6k41knSNiu/kR6vgYhJTcpMdicZJ6Q7Fwkt+a+/I12vqm3j+s9U4weer/axeDyrlfp001fSX6fahgwYK96uSIhx+UrSbs26WXrcBqrt7r/6/yvFZewR71Qk5Oiz31079kjXrCo5ffpM8Mxdr3AYqeOh/13d33hXnT7lzOcBjh8/qe5Le0S8XZHQY50wzUhLS/uh9PgNVNldd9X9J2s2u1G6M5Hwowue06xYulY9UK9Z1I5Jlq+FWrNqvfTXDNuwQePF2xOpQly+96THcKBKkpNb/Miaxc4V70SkSgleBdi5V7p2heTY0ePBCUssjktqsl91fa138G86gT77r1ursXh7IlWLfmtKeiwHwuZ2GSOlOw+pXnp2Gyhdvyq1bPFq5b+vacyPjXHvE2rR/BXSX79Sw4dMFG9HpDrxXUxNNrKkx3MgZDWTjNbyHYdUN7XufkDt3mXPqwB6N7tX2+eLH6OOL3YPrq5nRydOnFT3c/bv/Lh8p+5JykiSHteBSrldGTX1GtfinYZEJL3yB0nXsRvMn7PUVoVNX2KfMrlI+rDcYOTQQvFjQyIV37dpyRm/kh7fgXKl3VnvFquh7pTvLCRSqVWjodq754B0LQvSbyYEnuskfkzKS7tWXaxjZY/tgfUbC/W9j4sfExK5uF3GbL2DqvQ4D9xAP/SX4vItlu4kJPLp3WOIaDG7eNEMnmE7YRnb+/72sCqc8HHwM0saM+J98WNBIh93kq+r9FgP3MDt8vWX7hwkOqldo5Hat1fmKsCWb7apFk+0Fz8G4eb5Zi+p7VtldlfUZ/8ZdTj7j9OYNW83GkmP98AVKUn+xjboGCSK6dtzaEyL2IULF9RY6yxW34KQ/u5Vjadmo+B3uHgxtlsIjxv1gfh3J1GMyziaelvmH6THfeB799zh/21wJyvpTkGiGn0VYP++gzEpYF9/uUU92ThH/DtHKk8+kq2+/GJzTI6dXgmRs//4j9tlFN96a9aPpcd/JDC9VGVKkm+ZdGcgsck7bw+LavE6c+bspWV8M8W/a6RzZXOhs+eiegwnjPlI/LuSmKW7dA1AAktx+brYoBOQGEVfBTiw/1BUClekNu+xe6K5uZDe/VBiUSQiFd/F1NuNOtJ1AAkoNdmX4nb5Lsh3AhLL9O89IqJFSy9W0+et9yK6eY/dc3lzoVMnI7u5UMG4KeLfjcQ6vp2sD4CYSk7O+oVemEK+8ZNYx5vyoDp0MDIr30V78x67J5KbC+mz/8y6T4p/JyIQl2+6NSzfJF0XkCDcScZo8UZPxKLvZVdHLDfvsXsuby50tJqbC02a8LH4dyGCcfmfka4LSAApt2fcL97YiWj0VYCqrn+vl/HlKfUbU53NhfSDhQ3u5+w/kWOdlJ245zbf76TrA+JY+m3pP7Ma2hbpxk7kM+id0WEVKb15zyvt8sQ/t91Tlc2FPiicLv65iXyssXmGdI1AHLMaWT/pRk7sEb0sbyiFyjRNVTRtvq0277F7wtlc6Pz5C6pRxtPin5nYI26X7zHpOoE4lJpk3M1T/+TqDBkwtsLiZPfNe+yeUDYX+uj9IvHPSWwUl+9Azdsa/G/peoE4oleccicZm8QbN7FV7r3n4TIfXnPS5j12jz7G5W0uFDz79zUX/4zEXrHG6vHSNQNxxGpQr0k3amLPDB047pqipDfvad6knfjnirc899RLatvWHdcc66kfzhb/XMSmcfl90nUDcUCv9Z/iMk6KN2hiy+jtb/Vrffps1Omb99g9V28upPNQ5rPin4nYM/ph7bS0tH+Urh9wOLfLKJRuzMTeeb1Tb9XkwVbinyNR0vzxtmpw/zHin4PYO9bY/ap0/YCD6eV+rYZkSjdkQgghYUZfuU3O+A/pOgJHyv1+SpJvjXgjJoQQUqXoVVulKwkcyGo4zaUbLyGEkGrFTEnOSJWuJ3AQt9v4udtl7LZB4yWEEFKNuJN8a/UVXem6AoewGkxX6UZLCCEkUvE3lq4rcIA778z81xSXcVS+wRJCCIlE3EnGV2lpaT+Uri+wOauh5Es3VkIIIZFNTZfxpHR9gY2lJWf8KsXlOybdUAkhhEQ8W/Wy7tJ1BjaVkuR72waNlBBCSBTidhnPStcZ2NA9SQ3+jSV/CSEknuPbWaNGo59I1xvYTIrL11e+cRJCCIlyAtL1BjaS+pf6/+JOMk7YoGESQgiJanzfJSe3+JF03YFNuJN8r8g3SkIIIbFI6u2+R6TrDmxAzwT1jFC6QRJCCIlNSlcHRMKzGkJT6cZICCEktkm9PSNNuv5AmHX2v066IRJCCIltrJO/qdL1B4JSkn3p0o2QEBkSOrkAAAShSURBVEKISMy7XZn/T7oOQYieAdqgERJCCJGIyxggXYcgIO3Oere4XcZ58QZICCFEJi7fkeTkjJ9K1yPEWEqS72XxxkcIIUQ0qa6Mx6XrEWIsxWV8Lt3wCCGEyMadZCyUrkeIoZou42/SjY4QQog9UjM540/SdQkx4nYZI6UbHCGEEHvE7fLlSdclxEDarVk3u5N8x6UbHCGEEHvEOinczf4ACSAlyfeEdGMjhBBir7iT/fWk6xOizJrpfSzd0AghhNgr7iTfMOn6hChyu42fWxOA09INjRBCiM3i8h1IS0v7oXSdQpSkJPkbizcyQggh9kyyL126TiFK3EnGZPEGRgghxJZxJ/kGSdcpRIFe7tGaAJyQbmCEEEJsGpexJysr6wfS9QoR5nZlNBRvXIQQQmyd1Nsz0qTrFSKMxX8IIYRUHt/b0vUKEeZ2+bbLNyxCCCF2jjvJ2CBdrxBB7juMP0o3KkIIIY6IeU9Sg3+TrluIEOsHbWmDRkUIIcQBcScZj0rXLUSI2+X7QLpBEUIIcUp8w6XrFiJAv9KR4vIdlG9QhBBCHJId0rULEVDz9ow7bdCYCCGEOCg1kzP+JF2/UE0pSRntpBsSIYQQZ8Wd5HtOun6hmtwuo0C6IRFCCHFaeA7A8dxJxhb5hkQIIcRRcRmfSNcvVEONGo1+af2QpnhDIoQQ4rD4Luot5KXrGKoo1eWrK9+ICCGEODHuJP890nUMVZTiMjpKNyBCCCHOjNtltJGuY6gi6wf8SLoBEUIIcWp8E6TrGKqIDYAIIYRUNe4k4yvpOoYqSL8t/WcpPABICCGkirFOIi/cemvWj6XrGcKUcnv9v0o3HkIIIc4OKwI6UGqykSXdcAghhDg7bpdhSNczhMmd5HtFuuEQQghxenxtpesZwpTiMkbINxxCCCFOjnUyOUi6niFM1qxtmXTDIYQQ4vC4fPOl6xnCZE0A9oo3HEIIIQ6Pb6d0PUMY6v6+7j+k8AogIYSQasd3MS0t7YfSdQ0huucO/2/lGw0hhJB4SNqd9W6RrmsIUWpSZrJ0gyGEEBInub3+X6XrGkLkTvbXE28whBBC4iPJvnTpuoYQuZN8TcUbDCGEkLiI2+V7TLquIUQpLl8H6QZDCCEkXsJiQI7hdhk95RsMIYSQOEl36bqGEFmzteE2aDCEEELiIO4kY6h0XUOIrB9rvHSDIYQQEjcZI13XECK3y/eBDRoMIYSQuIhvknRdQ4hSXL7p8g2GEEJIPMTtMj6WrmsIkTvJmCvdYAghhMRHrAnAbOm6hhBZP9ZS6QZDCCEkTuLyLZauawhRSpJvjXiDIYQQEi9ZLV3XECJrtrbRBg2GEEJIPMSqKdJ1DSFyJxmbxBsMIYSQuIiuKdJ1DSFiAkAIISRSYQLgINYPttz6wQ4RQggh1Y2uKdJ1DQAAAAAAAAAAAAAAAAAAAAAAAAAAAAAAAAAAAAAAAAAAAAAAAAAAAAAAAAAAAAAAAAAAAAAAAAAAAAAAAAAAAAAAAAAAAAAAAAAAAAAAAAAAAAAAAAAAAAAAAAAAAAAAAAAAAAAAAAAAAAAAAAAAAAAAAACA6/z/FA9o9n4p1VEAAAAASUVORK5CYII='" width='"512'" height='"512'"></figure>","{'"http://localhost:5144/uploads/post/Luu Minh Nhieu_87f7ec8d-a72f-4d47-9381-635fefbc79b7.png'"}",{},0,0,t,{},2024-12-01 21:14:01.711465,1
7,Post blog 2,<p>ABC testing&nbsp;</p>,{},{},0,0,t,{},2024-12-01 21:30:50.529565,2
8,Lợi ích của việc đọc sách mỗi ngày,"<p>Đọc sách không chỉ giúp bạn mở rộng kiến thức mà còn cải thiện khả năng tập trung, tư duy và giảm căng thẳng. Hãy dành ít nhất 30 phút mỗi ngày để đọc sách!</p>",{},{},0,0,t,{},2024-12-01 21:32:54.971537,2
9,Cách chăm sóc cây cảnh trong nhà,"<p>Để cây cảnh trong nhà phát triển tốt, bạn cần chú ý đến ánh sáng, tưới nước và chọn loại đất phù hợp. Hãy tìm hiểu từng loại cây để có cách chăm sóc riêng.</p>",{},{},0,0,t,{},2024-12-01 21:33:13.814538,3
10,Tầm quan trọng của việc tập thể dục,<p>Tập thể dục đều đặn không chỉ giúp bạn có một cơ thể khỏe mạnh mà còn cải thiện tinh thần. Hãy bắt đầu bằng những bài tập nhẹ nhàng như đi bộ hay yoga.</p>,{},{},0,0,t,{},2024-12-01 21:33:35.452413,4
11, Bí quyết nấu món ăn ngon tại nhà,"<p>Để nấu ăn ngon tại nhà, bạn cần chuẩn bị nguyên liệu tươi, học cách nêm nếm đúng tỷ lệ và tận dụng các mẹo nấu ăn từ đầu bếp chuyên nghiệp.</p>",{},{},0,0,t,{},2024-12-01 21:33:55.088139,4
12,Du lịch tự túc - Những điều cần lưu ý,"<p>Khi đi du lịch tự túc, hãy chuẩn bị lịch trình rõ ràng, đặt trước chỗ ở và tìm hiểu kỹ về văn hóa địa phương. Đừng quên mang theo những vật dụng cần thiết như thuốc và bản đồ.</p>",{},{},0,0,f,{},2024-12-01 21:34:23.380252,4
13,Làm thế nào để quản lý thời gian hiệu quả,"<p>Quản lý thời gian hiệu quả bắt đầu từ việc xác định mục tiêu rõ ràng, lập kế hoạch chi tiết và ưu tiên các nhiệm vụ quan trọng. Sử dụng các công cụ như lịch điện tử hoặc ứng dụng quản lý công việc để tối ưu hóa thời gian của bạn.</p>",{},{},0,0,t,{},2024-12-01 21:34:45.313395,5
14,Các bước đơn giản để học một ngôn ngữ mới,"<p>Để học ngôn ngữ mới, hãy bắt đầu với các từ vựng cơ bản, luyện nghe và nói thường xuyên. Tìm kiếm đối tác để thực hành và đừng ngại mắc lỗi vì đó là cách bạn tiến bộ nhanh nhất.</p>",{},{},0,0,f,{},2024-12-01 21:35:05.727277,6
15,Mẹo trang trí nhà cửa đẹp mà tiết kiệm,"<p>Sử dụng các vật liệu tái chế, tận dụng ánh sáng tự nhiên và chọn màu sắc trung tính là một vài mẹo để trang trí nhà cửa đẹp mắt mà không tốn quá nhiều chi phí.</p>",{},{},0,0,f,{},2024-12-01 21:35:25.658989,7
16,Những thói quen buổi sáng giúp bạn thành công,"<p>Một buổi sáng thành công bắt đầu bằng việc dậy sớm, tập thể dục, ăn sáng đầy đủ và lập danh sách các công việc cần làm trong ngày. Hãy bắt đầu từ những việc nhỏ để tạo thói quen tích cực.</p>",{},{},0,0,t,{},2024-12-01 21:35:45.128329,8
17,Bí quyết tiết kiệm tiền hiệu quả,"<ol><li>Để tiết kiệm tiền hiệu quả, bạn nên lập ngân sách hàng tháng, cắt giảm các chi tiêu không cần thiết và đặt ra mục tiêu tài chính dài hạn. Đừng quên tạo quỹ dự phòng cho các tình huống khẩn cấp.</li></ol>",{},{},0,0,t,{},2024-12-01 21:36:07.921479,9
18,Công thức làm bánh mì tại nhà đơn giản,"<p>Làm bánh mì tại nhà không khó nếu bạn chuẩn bị đúng nguyên liệu và tuân theo từng bước. Hãy thử kết hợp bột mì, men nở, nước, và một chút muối để tạo ra những chiếc bánh mì thơm ngon.</p>",{},{},0,0,t,{},2024-12-01 21:39:20.521023,8
19,Lợi ích của việc uống nước đầy đủ mỗi ngày,"<p>Uống đủ nước giúp cơ thể loại bỏ độc tố, cải thiện làn da và tăng cường sự tập trung. Hãy đảm bảo uống ít nhất 2 lít nước mỗi ngày để duy trì sức khỏe tốt nhất.</p>",{},{},0,0,t,{},2024-12-01 21:39:44.027406,5
21,Những mẹo nhỏ để cải thiện giấc ngủ,"<p>Để ngủ ngon hơn, hãy tránh sử dụng thiết bị điện tử trước khi ngủ, duy trì giờ ngủ cố định và tạo không gian thoải mái với ánh sáng dịu và nhiệt độ phù hợp.</p>",{},{},0,0,f,{},2024-12-01 21:40:22.644627,1
23,Lợi ích của việc viết nhật ký hàng ngày,"<p>Viết nhật ký giúp bạn sắp xếp suy nghĩ, giảm căng thẳng và ghi lại những khoảnh khắc đáng nhớ. Chỉ cần vài phút mỗi ngày, bạn sẽ cảm thấy tâm trạng tốt hơn.</p>",{},{},0,0,f,{},2024-12-01 21:41:00.377292,1
25,Testing hashtag part 2,<p>Hello MAn</p><p>I'm #hashtag 5Nonehasgtag #_hello world #hashtagtag3</p>,{},{},0,0,t,"{#hashtag,#_hello,#hashtagtag3}",2024-12-03 20:58:01.022962,1
22,Những món ăn truyền thống Việt Nam không thể bỏ qua,"<p>Việt Nam nổi tiếng với các món ăn truyền thống như phở, bún chả, bánh xèo và chả cá Lã Vọng. Đây là những món ăn đậm đà hương vị và phản ánh sự phong phú của ẩm thực Việt.</p>",{},{},0,0,t,{},2024-12-01 21:40:43.912455,1
